{"key":"a","ratings":[8.089072227478027,7.742599964141846,8.446109771728516,7.9591217041015625,8.635834693908691,7.8508501052856445],"ratingsCount":[87974,777,143488,41587,119734,153852],"years":[2015,2019,2013,2019,2019,2010],"movieHrefs":["/serial/Mr.+Robot-2015-733795","/film/Irlandczyk-2019-513794","/serial/Wikingowie-2013-659055","/film/Bo%C5%BCe+Cia%C5%82o-2019-808863","/film/Joker-2019-810167","/serial/The+Walking+Dead-2010-547035"]}