{"key":"ads","ratings":[8.066510200500488,null,null,null,null,7.829790115356445],"ratingsCount":[827,null,null,null,null,47],"years":[1993,2013,1998,2012,2005,2006],"movieHrefs":["/serial/Pi%C5%82ka+w+grze-1993-224225","/film/Christopher+Nolan+Coffee+Ads-2013-692851","/serial/Ads+Infinitum-1998-310472","/film/Want+Ads-2012-668031","/film/Best+Ever+Ads-2005-396596","/serial/Reklamujemy+reklamy-2006-471572"]}