{"key":"asdasdasdasdasdasdasdasdasdasdasdasdasdasdsad","ratings":[3.907120704650879,7.909359931945801,6.629429817199707,5.6598100662231445,6.36214017868042,6.595660209655762,7.0058698654174805,7.738719940185547,8.245309829711914,5.349420070648193],"ratingsCount":[323,1368,1128,2578,3402,1061,17207,23259,1867,1823],"years":[2011,2014,2017,2017,2007,2009,2004,2012,2005,2018],"movieHrefs":["/film/Auschwitz-2011-598016","/serial/Akatsuki+no+Yona-2014-722788","/film/Marlina%3A+Zbrodnia+w+czterech+aktach-2017-787507","/film/Acts+of+Vengeance-2017-794065","/film/Houdini%3A+Magia+mi%C5%82o%C5%9Bci-2007-272096","/film/Boogie-2009-545183","/Podwodne.Zycie.Ze.Stevem.Zissou","/film/%C3%93smoklasi%C5%9Bci+nie+p%C5%82acz%C4%85-2012-672723","/serial/Auschwitz.+Nazi%C5%9Bci+i+%22ostateczne+rozwi%C4%85zanie%22-2005-209820","/film/Akt+przemocy-2018-796568"]}