{"key":"ass","ratings":[6.578499794006348,7.457849979400635,6.343514442443848],"ratingsCount":[109828,9560,49634],"years":[2010,2010,2013],"movieHrefs":["/film/Kick-Ass-2010-489066","/film/Ujrza%C5%82em+diab%C5%82a-2010-570957","/film/Kick-Ass+2-2013-568289"]}