{"key":"azsasd","ratings":[7.624300003051758,7.059820175170898,7.047770023345947,7.928619861602783,7.078129768371582,7.022220134735107,7.071430206298828,7.305560111999512,7.153850078582764],"ratingsCount":[24671,39500,35863,10605,41072,135,28,36,26],"years":[1984,1991,1993,1987,1994,2012,2008,1955,1989],"movieHrefs":["/Ptasiek","/film/Hot+Shots-1991-6223","/film/Hot+Shots+2-1993-6222","/film/Niebo+nad+Berlinem-1987-8093","/film/Prawdziwe+k%C5%82amstwa-1994-991","/film/Asad-2012-677287","/film/Droga+do+Mekki-2008-493666","/film/Azaad-1955-124972","/film/Main+Azaad+Hoon-1989-213206"]}