{"key":"d","ratings":[8.446109771728516,7.9591217041015625,8.635834693908691,7.8508501052856445,7.742599964141846,8.089072227478027],"ratingsCount":[143488,41587,119734,153852,777,87974],"years":[2013,2019,2019,2010,2019,2015],"movieHrefs":["/serial/Wikingowie-2013-659055","/film/Bo%C5%BCe+Cia%C5%82o-2019-808863","/film/Joker-2019-810167","/serial/The+Walking+Dead-2010-547035","/film/Irlandczyk-2019-513794","/serial/Mr.+Robot-2015-733795"]}