{"key":"dddggh","ratings":[7.271699905395508,7.343221187591553,7.682650089263916,7.704939842224121,7.975949764251709,6.767059803009033,8.00862979888916,7.221290111541748,7.964089870452881,8.049989700317383],"ratingsCount":[265,216732,5672,2752,465323,425,163892,479,201205,164029],"years":[2019,2006,2017,2019,2008,2018,2002,2019,1992,2009],"movieHrefs":["/film/Dw%C3%B3ch+papie%C5%BCy-2019-836600","/Deja.Vu","/serial/Kroniki+Times+Square-2017-767896","/film/By%C5%82+sobie+pies+2-2019-811632","/film/Siedem+dusz-2008-459974","/film/Nie+obchodzi+mnie%2C+czy+przejdziemy+do+historii+jako+barbarzy%C5%84cy-2018-810073","/Miasto.Boga","/film/Salma+w+krainie+dusz-2019-834989","/Wsciekle.Psy","/film/M%C3%B3j+przyjaciel+Hachiko-2009-449935"]}