{"key":"ss","ratings":[5.388823509216309,6.519949913024902,7.139150142669678,6.450689792633057,5.462646961212158,6.831210136413574,null],"ratingsCount":[8518,802,1272,8751,17696,314,null],"years":[2007,2017,2012,2014,2009,2010,1996],"movieHrefs":["/film/Eksperyment+SS-2007-392224","/serial/SS-GB-2017-756367","/serial/Inu+x+Boku+SS-2012-631438","/film/Zombie+SS+2-2014-688360","/film/Zombie+SS-2009-486991","/serial/Amagami+SS-2010-569214","/videogame/Gals+Panic+SS-1996-734634"]}